dt,sender,recipient,amount
        2022-05-21 16:19:00,08bd482a56071a97f42ef8ba965fb3380de72b7f46943ae5d7c0703731af4e57,213b1501fa06010636f0c22d5c6725147122f0840658d12f16da64c7dd1be98f,24667
        2022-05-24 16:19:00,08bd482a56071a97f42ef8ba965fb3380de72b7f46943ae5d7c0703731af4e57,0a75e6d0efc7645f9690f630b9f5a143ea7a002290b4676b148fd38f03338558,42143
        2022-05-27 16:19:00,08bd482a56071a97f42ef8ba965fb3380de72b7f46943ae5d7c0703731af4e57,5e884898da28047151d0e56f8dc6292773603d0d6aabbdd62a11ef721d1542d8,41280
        2022-05-30 18:19:00,08bd482a56071a97f42ef8ba965fb3380de72b7f46943ae5d7c0703731af4e58,c6d53a730ce4ee7859d55a03610fb8656399db143345cfc45b76225d59e9fad6,70980
        2022-06-01 18:19:00,08bd482a56071a97f42ef8ba965fb3380de72b7f46943ae5d7c0703731af4e58,213b1501fa06010636f0c22d5c6725147122f0840658d12f16da64c7dd1be98f,44402
        2022-06-04 18:19:00,08bd482a56071a97f42ef8ba965fb3380de72b7f46943ae5d7c0703731af4e59,0a75e6d0efc7645f9690f630b9f5a143ea7a002290b4676b148fd38f03338559,28620
        2022-06-04 18:30:00,08bd482a56071a97f42ef8ba965fb3380de72b7f46943ae5d7c0703731af4e59,6af7ca182a685329fcb494bc42c01431f48b8ecc63928e8aaa7f0cc251ee5fb8,44947
        2022-06-04 19:20:00,08bd482a56071a97f42ef8ba965fb3380de72b7f46943ae5d7c0703731af4e59,e405171cb1219e76b19cc26e5788666973a5497ac98808d3329ffcd42db470a8,19448
        2022-06-11 20:19:00,08bd482a56071a97f42ef8ba965fb3380de72b7f46943ae5d7c0703731af4e60,e491c8c0be1af3f24c4dfc2e8e44c9c62f7d8aa6bd92543add16f1cbd00771c1,69391
        2022-06-14 20:19:00,08bd482a56071a97f42ef8ba965fb3380de72b7f46943ae5d7c0703731af4e61,bfade75f70a3cf1f020dcb950c6521f69f33ae29a0ece620948e162ac6e5d7ba,20751
        2022-06-16 20:19:00,08bd482a56071a97f42ef8ba965fb3380de72b7f46943ae5d7c0703731af4e61,e491c8c0be1af3f24c4dfc2e8e44c9c62f7d8aa6bd92543add16f1cbd00771c1,27230
        2022-06-19 19:19:00,08bd482a56071a97f42ef8ba965fb3380de72b7f46943ae5d7c0703731af4e62,e78c46d45241892f95c27a76b6b37e2a75af2acef4e5391d58e113f33bf0521e,56644
        2022-06-21 19:19:00,08bd482a56071a97f42ef8ba965fb3380de72b7f46943ae5d7c0703731af4e62,c6d53a730ce4ee7859d55a03610fb8656399db143345cfc45b76225d59e9fad10,85393
        2022-06-24 19:19:00,08bd482a56071a97f42ef8ba965fb3380de72b7f46943ae5d7c0703731af4e63,2e7e96a9a012595559a5ac0be413761761e9820009253eeb05de09ae49856fcd,40972
        2022-06-26 19:19:00,08bd482a56071a97f42ef8ba965fb3380de72b7f46943ae5d7c0703731af4e63,0a75e6d0efc7645f9690f630b9f5a143ea7a002290b4676b148fd38f03338563,41831
        2022-06-29 15:19:00,08bd482a56071a97f42ef8ba965fb3380de72b7f46943ae5d7c0703731af4e64,5e884898da28047151d0e56f8dc6292773603d0d6aabbdd62a11ef721d1542d14,47321
        2022-07-01 15:19:00,08bd482a56071a97f42ef8ba965fb3380de72b7f46943ae5d7c0703731af4e64,e405171cb1219e76b19cc26e5788666973a5497ac98808d3329ffcd42db470a12,75108
        2022-07-04 15:19:00,08bd482a56071a97f42ef8ba965fb3380de72b7f46943ae5d7c0703731af4e65,213b1501fa06010636f0c22d5c6725147122f0840658d12f16da64c7dd1be98f,85528
        2022-07-06 15:19:00,08bd482a56071a97f42ef8ba965fb3380de72b7f46943ae5d7c0703731af4e65,bfade75f70a3cf1f020dcb950c6521f69f33ae29a0ece620948e162ac6e5d7ba,79530
        2022-07-09 13:19:00,08bd482a56071a97f42ef8ba965fb3380de72b7f46943ae5d7c0703731af4e66,6af7ca182a685329fcb494bc42c01431f48b8ecc63928e8aaa7f0cc251ee5fb14,36893
        2022-07-11 13:19:00,08bd482a56071a97f42ef8ba965fb3380de72b7f46943ae5d7c0703731af4e66,e78c46d45241892f95c27a76b6b37e2a75af2acef4e5391d58e113f33bf0521e,18845
        2022-07-14 13:19:00,08bd482a56071a97f42ef8ba965fb3380de72b7f46943ae5d7c0703731af4e67,e491c8c0be1af3f24c4dfc2e8e44c9c62f7d8aa6bd92543add16f1cbd00771c1,23367
        2022-07-16 13:19:00,08bd482a56071a97f42ef8ba965fb3380de72b7f46943ae5d7c0703731af4e67,2e7e96a9a012595559a5ac0be413761761e9820009253eeb05de09ae49856fcd,60713
        2022-07-19 21:19:00,08bd482a56071a97f42ef8ba965fb3380de72b7f46943ae5d7c0703731af4e68,e491c8c0be1af3f24c4dfc2e8e44c9c62f7d8aa6bd92543add16f1cbd00771c1,72599
        2022-07-21 21:19:00,08bd482a56071a97f42ef8ba965fb3380de72b7f46943ae5d7c0703731af4e68,5e884898da28047151d0e56f8dc6292773603d0d6aabbdd62a11ef721d1542d18,80145
        2022-07-24 21:19:00,08bd482a56071a97f42ef8ba965fb3380de72b7f46943ae5d7c0703731af4e69,c6d53a730ce4ee7859d55a03610fb8656399db143345cfc45b76225d59e9fad16,23551
        2022-07-26 21:19:00,08bd482a56071a97f42ef8ba965fb3380de72b7f46943ae5d7c0703731af4e69,213b1501fa06010636f0c22d5c6725147122f0840658d12f16da64c7dd1be98f,23771
        2022-07-29 22:19:00,08bd482a56071a97f42ef8ba965fb3380de72b7f46943ae5d7c0703731af4e70,0a75e6d0efc7645f9690f630b9f5a143ea7a002290b4676b148fd38f03338569,20068
        2022-07-31 22:19:00,08bd482a56071a97f42ef8ba965fb3380de72b7f46943ae5d7c0703731af4e70,6af7ca182a685329fcb494bc42c01431f48b8ecc63928e8aaa7f0cc251ee5fb18,73638
        2022-08-03 22:19:00,08bd482a56071a97f42ef8ba965fb3380de72b7f46943ae5d7c0703731af4e71,e405171cb1219e76b19cc26e5788666973a5497ac98808d3329ffcd42db470a18,68936
        2022-08-05 22:19:00,08bd482a56071a97f42ef8ba965fb3380de72b7f46943ae5d7c0703731af4e71,e491c8c0be1af3f24c4dfc2e8e44c9c62f7d8aa6bd92543add16f1cbd00771c1,88322
        2022-08-08 16:19:00,08bd482a56071a97f42ef8ba965fb3380de72b7f46943ae5d7c0703731af4e72,bfade75f70a3cf1f020dcb950c6521f69f33ae29a0ece620948e162ac6e5d7ba,29942
        2022-08-08 18:19:00,08bd482a56071a97f42ef8ba965fb3380de72b7f46943ae5d7c0703731af4e72,e491c8c0be1af3f24c4dfc2e8e44c9c62f7d8aa6bd92543add16f1cbd00771c1,3348
        2022-08-08 18:32:00,08bd482a56071a97f42ef8ba965fb3380de72b7f46943ae5d7c0703731af4e72,e78c46d45241892f95c27a76b6b37e2a75af2acef4e5391d58e113f33bf0521e,25276
        2022-08-15 16:19:00,08bd482a56071a97f42ef8ba965fb3380de72b7f46943ae5d7c0703731af4e73,c6d53a730ce4ee7859d55a03610fb8656399db143345cfc45b76225d59e9fad20,11582
        2022-08-18 16:19:00,08bd482a56071a97f42ef8ba965fb3380de72b7f46943ae5d7c0703731af4e74,2e7e96a9a012595559a5ac0be413761761e9820009253eeb05de09ae49856fcd,18492
        2022-08-20 16:19:00,08bd482a56071a97f42ef8ba965fb3380de72b7f46943ae5d7c0703731af4e74,0a75e6d0efc7645f9690f630b9f5a143ea7a002290b4676b148fd38f03338573,9113
        2022-08-23 16:19:00,08bd482a56071a97f42ef8ba965fb3380de72b7f46943ae5d7c0703731af4e75,5e884898da28047151d0e56f8dc6292773603d0d6aabbdd62a11ef721d1542d24,24049
        2022-08-25 16:19:00,08bd482a56071a97f42ef8ba965fb3380de72b7f46943ae5d7c0703731af4e75,e405171cb1219e76b19cc26e5788666973a5497ac98808d3329ffcd42db470a22,18105
        2022-05-20 08:19:00,26a43685427b1ecbe7d8b59320f1c375cb596a1b754eb01b8e2fbc55f299b89d,e491c8c0be1af3f24c4dfc2e8e44c9c62f7d8aa6bd92543add16f1cbd00771c1,9290
        2022-05-23 08:19:00,26a43685427b1ecbe7d8b59320f1c375cb596a1b754eb01b8e2fbc55f299b89d,e78c46d45241892f95c27a76b6b37e2a75af2acef4e5391d58e113f33bf0521e,46416
        2022-05-26 08:19:00,26a43685427b1ecbe7d8b59320f1c375cb596a1b754eb01b8e2fbc55f299b89d,e491c8c0be1af3f24c4dfc2e8e44c9c62f7d8aa6bd92543add16f1cbd00771c1,46059
        2022-05-29 08:04:00,26a43685427b1ecbe7d8b59320f1c375cb596a1b754eb01b8e2fbc55f299b89d,bfade75f70a3cf1f020dcb950c6521f69f33ae29a0ece620948e162ac6e5d7ba,16201
        2022-05-31 08:04:00,26a43685427b1ecbe7d8b59320f1c375cb596a1b754eb01b8e2fbc55f299b89d,e491c8c0be1af3f24c4dfc2e8e44c9c62f7d8aa6bd92543add16f1cbd00771c1,37647
        2022-06-03 08:04:00,26a43685427b1ecbe7d8b59320f1c375cb596a1b754eb01b8e2fbc55f299b89d,e78c46d45241892f95c27a76b6b37e2a75af2acef4e5391d58e113f33bf0521e,2661
        2022-06-05 08:04:00,26a43685427b1ecbe7d8b59320f1c375cb596a1b754eb01b8e2fbc55f299b89d,c6d53a730ce4ee7859d55a03610fb8656399db143345cfc45b76225d59e9fad7,4862
        2022-06-08 09:19:00,26a43685427b1ecbe7d8b59320f1c375cb596a1b754eb01b8e2fbc55f299b89d,2e7e96a9a012595559a5ac0be413761761e9820009253eeb05de09ae49856fcd,52151
        2022-06-10 09:19:00,26a43685427b1ecbe7d8b59320f1c375cb596a1b754eb01b8e2fbc55f299b89d,0a75e6d0efc7645f9690f630b9f5a143ea7a002290b4676b148fd38f03338560,13
        2022-06-10 09:21:00,26a43685427b1ecbe7d8b59320f1c375cb596a1b754eb01b8e2fbc55f299b89d,5e884898da28047151d0e56f8dc6292773603d0d6aabbdd62a11ef721d1542d11,49
        2022-06-15 09:19:00,26a43685427b1ecbe7d8b59320f1c375cb596a1b754eb01b8e2fbc55f299b89d,e405171cb1219e76b19cc26e5788666973a5497ac98808d3329ffcd42db470a9,14641
        2022-06-18 10:10:00,26a43685427b1ecbe7d8b59320f1c375cb596a1b754eb01b8e2fbc55f299b89d,213b1501fa06010636f0c22d5c6725147122f0840658d12f16da64c7dd1be98f,77262
        2022-06-20 10:10:00,26a43685427b1ecbe7d8b59320f1c375cb596a1b754eb01b8e2fbc55f299b89d,bfade75f70a3cf1f020dcb950c6521f69f33ae29a0ece620948e162ac6e5d7ba,32870
        2022-06-23 10:10:00,26a43685427b1ecbe7d8b59320f1c375cb596a1b754eb01b8e2fbc55f299b89d,6af7ca182a685329fcb494bc42c01431f48b8ecc63928e8aaa7f0cc251ee5fb11,19008
        2022-06-25 10:10:00,26a43685427b1ecbe7d8b59320f1c375cb596a1b754eb01b8e2fbc55f299b89d,e78c46d45241892f95c27a76b6b37e2a75af2acef4e5391d58e113f33bf0521e,53576
        2022-06-28 12:19:00,26a43685427b1ecbe7d8b59320f1c375cb596a1b754eb01b8e2fbc55f299b89d,e491c8c0be1af3f24c4dfc2e8e44c9c62f7d8aa6bd92543add16f1cbd00771c1,6534
        2022-06-30 12:19:00,26a43685427b1ecbe7d8b59320f1c375cb596a1b754eb01b8e2fbc55f299b89d,2e7e96a9a012595559a5ac0be413761761e9820009253eeb05de09ae49856fcd,42762
        2022-07-03 12:19:00,26a43685427b1ecbe7d8b59320f1c375cb596a1b754eb01b8e2fbc55f299b89d,e491c8c0be1af3f24c4dfc2e8e44c9c62f7d8aa6bd92543add16f1cbd00771c1,81741
        2022-07-05 12:19:00,26a43685427b1ecbe7d8b59320f1c375cb596a1b754eb01b8e2fbc55f299b89d,5e884898da28047151d0e56f8dc6292773603d0d6aabbdd62a11ef721d1542d15,75026
        2022-07-08 09:19:00,26a43685427b1ecbe7d8b59320f1c375cb596a1b754eb01b8e2fbc55f299b89d,c6d53a730ce4ee7859d55a03610fb8656399db143345cfc45b76225d59e9fad13,18597
        2022-07-10 09:19:00,26a43685427b1ecbe7d8b59320f1c375cb596a1b754eb01b8e2fbc55f299b89d,213b1501fa06010636f0c22d5c6725147122f0840658d12f16da64c7dd1be98f,17659
        2022-07-13 09:19:00,26a43685427b1ecbe7d8b59320f1c375cb596a1b754eb01b8e2fbc55f299b89d,0a75e6d0efc7645f9690f630b9f5a143ea7a002290b4676b148fd38f03338566,17699
        2022-07-15 09:19:00,26a43685427b1ecbe7d8b59320f1c375cb596a1b754eb01b8e2fbc55f299b89d,6af7ca182a685329fcb494bc42c01431f48b8ecc63928e8aaa7f0cc251ee5fb15,48707
        2022-07-18 08:35:00,26a43685427b1ecbe7d8b59320f1c375cb596a1b754eb01b8e2fbc55f299b89d,e405171cb1219e76b19cc26e5788666973a5497ac98808d3329ffcd42db470a15,18423
        2022-07-20 08:35:00,26a43685427b1ecbe7d8b59320f1c375cb596a1b754eb01b8e2fbc55f299b89d,e491c8c0be1af3f24c4dfc2e8e44c9c62f7d8aa6bd92543add16f1cbd00771c1,21048
        2022-07-23 08:35:00,26a43685427b1ecbe7d8b59320f1c375cb596a1b754eb01b8e2fbc55f299b89d,bfade75f70a3cf1f020dcb950c6521f69f33ae29a0ece620948e162ac6e5d7ba,83430
        2022-07-25 08:35:00,26a43685427b1ecbe7d8b59320f1c375cb596a1b754eb01b8e2fbc55f299b89d,e491c8c0be1af3f24c4dfc2e8e44c9c62f7d8aa6bd92543add16f1cbd00771c1,32704
        2022-07-28 06:19:00,26a43685427b1ecbe7d8b59320f1c375cb596a1b754eb01b8e2fbc55f299b89d,e78c46d45241892f95c27a76b6b37e2a75af2acef4e5391d58e113f33bf0521e,38411
        2022-07-30 06:19:00,26a43685427b1ecbe7d8b59320f1c375cb596a1b754eb01b8e2fbc55f299b89d,c6d53a730ce4ee7859d55a03610fb8656399db143345cfc45b76225d59e9fad17,24026
        2022-08-02 06:19:00,26a43685427b1ecbe7d8b59320f1c375cb596a1b754eb01b8e2fbc55f299b89d,2e7e96a9a012595559a5ac0be413761761e9820009253eeb05de09ae49856fcd,23063
        2022-08-04 06:19:00,26a43685427b1ecbe7d8b59320f1c375cb596a1b754eb01b8e2fbc55f299b89d,0a75e6d0efc7645f9690f630b9f5a143ea7a002290b4676b148fd38f03338570,2338
        2022-08-07 08:19:00,26a43685427b1ecbe7d8b59320f1c375cb596a1b754eb01b8e2fbc55f299b89d,5e884898da28047151d0e56f8dc6292773603d0d6aabbdd62a11ef721d1542d21,1033
        2022-08-09 08:19:00,26a43685427b1ecbe7d8b59320f1c375cb596a1b754eb01b8e2fbc55f299b89d,e405171cb1219e76b19cc26e5788666973a5497ac98808d3329ffcd42db470a19,23096
        2022-08-12 08:19:00,26a43685427b1ecbe7d8b59320f1c375cb596a1b754eb01b8e2fbc55f299b89d,213b1501fa06010636f0c22d5c6725147122f0840658d12f16da64c7dd1be98f,55252
        2022-08-14 08:19:00,26a43685427b1ecbe7d8b59320f1c375cb596a1b754eb01b8e2fbc55f299b89d,bfade75f70a3cf1f020dcb950c6521f69f33ae29a0ece620948e162ac6e5d7ba,54637
        2022-08-17 08:19:00,26a43685427b1ecbe7d8b59320f1c375cb596a1b754eb01b8e2fbc55f299b89d,6af7ca182a685329fcb494bc42c01431f48b8ecc63928e8aaa7f0cc251ee5fb21,68490
        2022-08-19 08:19:00,26a43685427b1ecbe7d8b59320f1c375cb596a1b754eb01b8e2fbc55f299b89d,e78c46d45241892f95c27a76b6b37e2a75af2acef4e5391d58e113f33bf0521e,26457
        2022-08-22 08:19:00,26a43685427b1ecbe7d8b59320f1c375cb596a1b754eb01b8e2fbc55f299b89d,e491c8c0be1af3f24c4dfc2e8e44c9c62f7d8aa6bd92543add16f1cbd00771c1,44008
        2022-08-24 08:19:00,26a43685427b1ecbe7d8b59320f1c375cb596a1b754eb01b8e2fbc55f299b89d,2e7e96a9a012595559a5ac0be413761761e9820009253eeb05de09ae49856fcd,16608
        2022-08-27 08:19:00,26a43685427b1ecbe7d8b59320f1c375cb596a1b754eb01b8e2fbc55f299b89d,e491c8c0be1af3f24c4dfc2e8e44c9c62f7d8aa6bd92543add16f1cbd00771c1,12965
        2022-05-22 08:19:00,753692ec36adb4c794c973945eb2a99c1649703ea6f76bf259abb4fb838e013e,5e884898da28047151d0e56f8dc6292773603d0d6aabbdd62a11ef721d1542d8,67115
        2022-05-25 08:19:00,753692ec36adb4c794c973945eb2a99c1649703ea6f76bf259abb4fb838e013e,c6d53a730ce4ee7859d55a03610fb8656399db143345cfc45b76225d59e9fad6,1685
        2022-05-28 08:19:00,753692ec36adb4c794c973945eb2a99c1649703ea6f76bf259abb4fb838e013e,2e7e96a9a012595559a5ac0be413761761e9820009253eeb05de09ae49856fcd,36529
        2022-06-02 08:04:00,753692ec36adb4c794c973945eb2a99c1649703ea6f76bf259abb4fb838e013e,5e884898da28047151d0e56f8dc6292773603d0d6aabbdd62a11ef721d1542d9,86269
        2022-06-07 08:04:00,753692ec36adb4c794c973945eb2a99c1649703ea6f76bf259abb4fb838e013e,213b1501fa06010636f0c22d5c6725147122f0840658d12f16da64c7dd1be98f,24286
        2022-06-12 09:19:00,753692ec36adb4c794c973945eb2a99c1649703ea6f76bf259abb4fb838e013e,6af7ca182a685329fcb494bc42c01431f48b8ecc63928e8aaa7f0cc251ee5fb9,12248
        2022-06-17 09:19:00,753692ec36adb4c794c973945eb2a99c1649703ea6f76bf259abb4fb838e013e,e491c8c0be1af3f24c4dfc2e8e44c9c62f7d8aa6bd92543add16f1cbd00771c1,2733
        2022-06-22 10:10:00,753692ec36adb4c794c973945eb2a99c1649703ea6f76bf259abb4fb838e013e,e491c8c0be1af3f24c4dfc2e8e44c9c62f7d8aa6bd92543add16f1cbd00771c1,21763
        2022-06-27 10:10:00,753692ec36adb4c794c973945eb2a99c1649703ea6f76bf259abb4fb838e013e,c6d53a730ce4ee7859d55a03610fb8656399db143345cfc45b76225d59e9fad11,11183
        2022-07-02 12:19:00,753692ec36adb4c794c973945eb2a99c1649703ea6f76bf259abb4fb838e013e,0a75e6d0efc7645f9690f630b9f5a143ea7a002290b4676b148fd38f03338564,42019
        2022-07-07 12:19:00,753692ec36adb4c794c973945eb2a99c1649703ea6f76bf259abb4fb838e013e,e405171cb1219e76b19cc26e5788666973a5497ac98808d3329ffcd42db470a13,88856
        2022-07-12 09:19:00,753692ec36adb4c794c973945eb2a99c1649703ea6f76bf259abb4fb838e013e,bfade75f70a3cf1f020dcb950c6521f69f33ae29a0ece620948e162ac6e5d7ba,56655
        2022-07-17 09:19:00,753692ec36adb4c794c973945eb2a99c1649703ea6f76bf259abb4fb838e013e,e78c46d45241892f95c27a76b6b37e2a75af2acef4e5391d58e113f33bf0521e,56693
        2022-07-22 08:35:00,753692ec36adb4c794c973945eb2a99c1649703ea6f76bf259abb4fb838e013e,2e7e96a9a012595559a5ac0be413761761e9820009253eeb05de09ae49856fcd,42709
        2022-07-27 08:35:00,753692ec36adb4c794c973945eb2a99c1649703ea6f76bf259abb4fb838e013e,5e884898da28047151d0e56f8dc6292773603d0d6aabbdd62a11ef721d1542d19,40122
        2022-08-01 06:19:00,753692ec36adb4c794c973945eb2a99c1649703ea6f76bf259abb4fb838e013e,213b1501fa06010636f0c22d5c6725147122f0840658d12f16da64c7dd1be98f,51379
        2022-08-06 06:19:00,753692ec36adb4c794c973945eb2a99c1649703ea6f76bf259abb4fb838e013e,6af7ca182a685329fcb494bc42c01431f48b8ecc63928e8aaa7f0cc251ee5fb19,38384
        2022-08-11 08:19:00,753692ec36adb4c794c973945eb2a99c1649703ea6f76bf259abb4fb838e013e,e491c8c0be1af3f24c4dfc2e8e44c9c62f7d8aa6bd92543add16f1cbd00771c1,49906
        2022-08-16 08:19:00,753692ec36adb4c794c973945eb2a99c1649703ea6f76bf259abb4fb838e013e,e491c8c0be1af3f24c4dfc2e8e44c9c62f7d8aa6bd92543add16f1cbd00771c1,25322
        2022-08-21 08:19:00,753692ec36adb4c794c973945eb2a99c1649703ea6f76bf259abb4fb838e013e,c6d53a730ce4ee7859d55a03610fb8656399db143345cfc45b76225d59e9fad21,8255
        2022-08-26 08:19:00,753692ec36adb4c794c973945eb2a99c1649703ea6f76bf259abb4fb838e013e,0a75e6d0efc7645f9690f630b9f5a143ea7a002290b4676b148fd38f03338574,48634
        2022-05-22 16:19:00,945a6e16ec2fc09abb6e5b56dae3325e009fe3f27949267133f0d237c091b960,2e7e96a9a012595559a5ac0be413761761e9820009253eeb05de09ae49856fcd,18216
        2022-05-22 16:59:00,945a6e16ec2fc09abb6e5b56dae3325e009fe3f27949267133f0d237c091b960,e491c8c0be1af3f24c4dfc2e8e44c9c62f7d8aa6bd92543add16f1cbd00771c1,53838
        2022-05-28 16:19:00,945a6e16ec2fc09abb6e5b56dae3325e009fe3f27949267133f0d237c091b960,e78c46d45241892f95c27a76b6b37e2a75af2acef4e5391d58e113f33bf0521e,34522
        2022-06-02 18:19:00,945a6e16ec2fc09abb6e5b56dae3325e009fe3f27949267133f0d237c091b961,2e7e96a9a012595559a5ac0be413761761e9820009253eeb05de09ae49856fcd,33222
        2022-06-07 18:19:00,945a6e16ec2fc09abb6e5b56dae3325e009fe3f27949267133f0d237c091b962,5e884898da28047151d0e56f8dc6292773603d0d6aabbdd62a11ef721d1542d10,60970
        2022-06-12 20:19:00,945a6e16ec2fc09abb6e5b56dae3325e009fe3f27949267133f0d237c091b963,213b1501fa06010636f0c22d5c6725147122f0840658d12f16da64c7dd1be98f,56053
        2022-06-17 20:19:00,945a6e16ec2fc09abb6e5b56dae3325e009fe3f27949267133f0d237c091b964,6af7ca182a685329fcb494bc42c01431f48b8ecc63928e8aaa7f0cc251ee5fb10,24908
        2022-06-22 19:19:00,945a6e16ec2fc09abb6e5b56dae3325e009fe3f27949267133f0d237c091b965,e491c8c0be1af3f24c4dfc2e8e44c9c62f7d8aa6bd92543add16f1cbd00771c1,89662
        2022-06-27 19:19:00,945a6e16ec2fc09abb6e5b56dae3325e009fe3f27949267133f0d237c091b966,e491c8c0be1af3f24c4dfc2e8e44c9c62f7d8aa6bd92543add16f1cbd00771c1,3262
        2022-07-02 15:19:00,945a6e16ec2fc09abb6e5b56dae3325e009fe3f27949267133f0d237c091b967,c6d53a730ce4ee7859d55a03610fb8656399db143345cfc45b76225d59e9fad12,88285
        2022-07-07 15:19:00,945a6e16ec2fc09abb6e5b56dae3325e009fe3f27949267133f0d237c091b968,0a75e6d0efc7645f9690f630b9f5a143ea7a002290b4676b148fd38f03338565,32912
        2022-07-12 13:19:00,945a6e16ec2fc09abb6e5b56dae3325e009fe3f27949267133f0d237c091b969,e405171cb1219e76b19cc26e5788666973a5497ac98808d3329ffcd42db470a14,14172
        2022-07-17 13:19:00,945a6e16ec2fc09abb6e5b56dae3325e009fe3f27949267133f0d237c091b970,bfade75f70a3cf1f020dcb950c6521f69f33ae29a0ece620948e162ac6e5d7ba,17890
        2022-07-22 21:19:00,945a6e16ec2fc09abb6e5b56dae3325e009fe3f27949267133f0d237c091b971,e78c46d45241892f95c27a76b6b37e2a75af2acef4e5391d58e113f33bf0521e,88914
        2022-07-27 21:19:00,945a6e16ec2fc09abb6e5b56dae3325e009fe3f27949267133f0d237c091b972,2e7e96a9a012595559a5ac0be413761761e9820009253eeb05de09ae49856fcd,84717
        2022-08-01 22:19:00,945a6e16ec2fc09abb6e5b56dae3325e009fe3f27949267133f0d237c091b973,5e884898da28047151d0e56f8dc6292773603d0d6aabbdd62a11ef721d1542d20,35713
        2022-08-06 22:19:00,945a6e16ec2fc09abb6e5b56dae3325e009fe3f27949267133f0d237c091b974,213b1501fa06010636f0c22d5c6725147122f0840658d12f16da64c7dd1be98f,73710
        2022-08-11 16:19:00,945a6e16ec2fc09abb6e5b56dae3325e009fe3f27949267133f0d237c091b975,6af7ca182a685329fcb494bc42c01431f48b8ecc63928e8aaa7f0cc251ee5fb20,87590
        2022-08-16 16:19:00,945a6e16ec2fc09abb6e5b56dae3325e009fe3f27949267133f0d237c091b976,e491c8c0be1af3f24c4dfc2e8e44c9c62f7d8aa6bd92543add16f1cbd00771c1,39066
        2022-08-21 16:19:00,945a6e16ec2fc09abb6e5b56dae3325e009fe3f27949267133f0d237c091b977,e491c8c0be1af3f24c4dfc2e8e44c9c62f7d8aa6bd92543add16f1cbd00771c1,29904
        2022-08-26 16:19:00,945a6e16ec2fc09abb6e5b56dae3325e009fe3f27949267133f0d237c091b978,c6d53a730ce4ee7859d55a03610fb8656399db143345cfc45b76225d59e9fad22,9730
        2022-05-21 08:19:00,9b0a0a08bd2f9b332bd8cfd70d02ab8e8e5d525ddc1f4721359db444a46587d0,6af7ca182a685329fcb494bc42c01431f48b8ecc63928e8aaa7f0cc251ee5fb6,7252
        2022-05-24 08:19:00,9b0a0a08bd2f9b332bd8cfd70d02ab8e8e5d525ddc1f4721359db444a46587d0,e405171cb1219e76b19cc26e5788666973a5497ac98808d3329ffcd42db470a6,76691
        2022-05-27 08:19:00,9b0a0a08bd2f9b332bd8cfd70d02ab8e8e5d525ddc1f4721359db444a46587d0,213b1501fa06010636f0c22d5c6725147122f0840658d12f16da64c7dd1be98f,45502
        2022-05-27 16:22:00,9b0a0a08bd2f9b332bd8cfd70d02ab8e8e5d525ddc1f4721359db444a46587d1,0a75e6d0efc7645f9690f630b9f5a143ea7a002290b4676b148fd38f03338558,44321
        2022-06-01 08:04:00,9b0a0a08bd2f9b332bd8cfd70d02ab8e8e5d525ddc1f4721359db444a46587d1,6af7ca182a685329fcb494bc42c01431f48b8ecc63928e8aaa7f0cc251ee5fb7,9191
        2022-07-14 09:19:00,9b0a0a08bd2f9b332bd8cfd70d02ab8e8e5d525ddc1f4721359db444a46587d10,e491c8c0be1af3f24c4dfc2e8e44c9c62f7d8aa6bd92543add16f1cbd00771c1,60653
        2022-07-16 09:19:00,9b0a0a08bd2f9b332bd8cfd70d02ab8e8e5d525ddc1f4721359db444a46587d10,5e884898da28047151d0e56f8dc6292773603d0d6aabbdd62a11ef721d1542d17,55805
        2022-07-19 08:35:00,9b0a0a08bd2f9b332bd8cfd70d02ab8e8e5d525ddc1f4721359db444a46587d11,c6d53a730ce4ee7859d55a03610fb8656399db143345cfc45b76225d59e9fad15,37267
        2022-07-21 08:35:00,9b0a0a08bd2f9b332bd8cfd70d02ab8e8e5d525ddc1f4721359db444a46587d11,213b1501fa06010636f0c22d5c6725147122f0840658d12f16da64c7dd1be98f,88323
        2022-07-24 08:35:00,9b0a0a08bd2f9b332bd8cfd70d02ab8e8e5d525ddc1f4721359db444a46587d12,0a75e6d0efc7645f9690f630b9f5a143ea7a002290b4676b148fd38f03338568,52081
        2022-07-26 08:35:00,9b0a0a08bd2f9b332bd8cfd70d02ab8e8e5d525ddc1f4721359db444a46587d12,6af7ca182a685329fcb494bc42c01431f48b8ecc63928e8aaa7f0cc251ee5fb17,76561
        2022-07-29 06:19:00,9b0a0a08bd2f9b332bd8cfd70d02ab8e8e5d525ddc1f4721359db444a46587d13,e405171cb1219e76b19cc26e5788666973a5497ac98808d3329ffcd42db470a17,68534
        2022-07-31 06:19:00,9b0a0a08bd2f9b332bd8cfd70d02ab8e8e5d525ddc1f4721359db444a46587d13,e491c8c0be1af3f24c4dfc2e8e44c9c62f7d8aa6bd92543add16f1cbd00771c1,54104
        2022-08-03 06:19:00,9b0a0a08bd2f9b332bd8cfd70d02ab8e8e5d525ddc1f4721359db444a46587d14,bfade75f70a3cf1f020dcb950c6521f69f33ae29a0ece620948e162ac6e5d7ba,57255
        2022-08-05 06:19:00,9b0a0a08bd2f9b332bd8cfd70d02ab8e8e5d525ddc1f4721359db444a46587d14,e491c8c0be1af3f24c4dfc2e8e44c9c62f7d8aa6bd92543add16f1cbd00771c1,52565
        2022-08-08 08:19:00,9b0a0a08bd2f9b332bd8cfd70d02ab8e8e5d525ddc1f4721359db444a46587d15,e78c46d45241892f95c27a76b6b37e2a75af2acef4e5391d58e113f33bf0521e,2666
        2022-08-10 08:19:00,9b0a0a08bd2f9b332bd8cfd70d02ab8e8e5d525ddc1f4721359db444a46587d15,c6d53a730ce4ee7859d55a03610fb8656399db143345cfc45b76225d59e9fad19,72301
        2022-08-13 08:19:00,9b0a0a08bd2f9b332bd8cfd70d02ab8e8e5d525ddc1f4721359db444a46587d16,2e7e96a9a012595559a5ac0be413761761e9820009253eeb05de09ae49856fcd,60717
        2022-08-15 08:19:00,9b0a0a08bd2f9b332bd8cfd70d02ab8e8e5d525ddc1f4721359db444a46587d16,0a75e6d0efc7645f9690f630b9f5a143ea7a002290b4676b148fd38f03338572,80808
        2022-08-18 08:19:00,9b0a0a08bd2f9b332bd8cfd70d02ab8e8e5d525ddc1f4721359db444a46587d17,5e884898da28047151d0e56f8dc6292773603d0d6aabbdd62a11ef721d1542d23,35888
        2022-08-20 08:19:00,9b0a0a08bd2f9b332bd8cfd70d02ab8e8e5d525ddc1f4721359db444a46587d17,e405171cb1219e76b19cc26e5788666973a5497ac98808d3329ffcd42db470a21,52824
        2022-08-23 08:19:00,9b0a0a08bd2f9b332bd8cfd70d02ab8e8e5d525ddc1f4721359db444a46587d18,213b1501fa06010636f0c22d5c6725147122f0840658d12f16da64c7dd1be98f,49619
        2022-08-25 08:19:00,9b0a0a08bd2f9b332bd8cfd70d02ab8e8e5d525ddc1f4721359db444a46587d18,bfade75f70a3cf1f020dcb950c6521f69f33ae29a0ece620948e162ac6e5d7ba,27606
        2022-06-04 08:04:00,9b0a0a08bd2f9b332bd8cfd70d02ab8e8e5d525ddc1f4721359db444a46587d2,e405171cb1219e76b19cc26e5788666973a5497ac98808d3329ffcd42db470a7,9523
        2022-06-06 08:04:00,9b0a0a08bd2f9b332bd8cfd70d02ab8e8e5d525ddc1f4721359db444a46587d2,e491c8c0be1af3f24c4dfc2e8e44c9c62f7d8aa6bd92543add16f1cbd00771c1,46607
        2022-06-09 09:19:00,9b0a0a08bd2f9b332bd8cfd70d02ab8e8e5d525ddc1f4721359db444a46587d3,bfade75f70a3cf1f020dcb950c6521f69f33ae29a0ece620948e162ac6e5d7ba,28964
        2022-06-11 09:19:00,9b0a0a08bd2f9b332bd8cfd70d02ab8e8e5d525ddc1f4721359db444a46587d3,e491c8c0be1af3f24c4dfc2e8e44c9c62f7d8aa6bd92543add16f1cbd00771c1,26134
        2022-06-14 09:19:00,9b0a0a08bd2f9b332bd8cfd70d02ab8e8e5d525ddc1f4721359db444a46587d4,e78c46d45241892f95c27a76b6b37e2a75af2acef4e5391d58e113f33bf0521e,8300
        2022-06-16 09:19:00,9b0a0a08bd2f9b332bd8cfd70d02ab8e8e5d525ddc1f4721359db444a46587d4,c6d53a730ce4ee7859d55a03610fb8656399db143345cfc45b76225d59e9fad9,72507
        2022-06-19 10:10:00,9b0a0a08bd2f9b332bd8cfd70d02ab8e8e5d525ddc1f4721359db444a46587d5,2e7e96a9a012595559a5ac0be413761761e9820009253eeb05de09ae49856fcd,44984
        2022-06-21 10:10:00,9b0a0a08bd2f9b332bd8cfd70d02ab8e8e5d525ddc1f4721359db444a46587d5,0a75e6d0efc7645f9690f630b9f5a143ea7a002290b4676b148fd38f03338562,54922
        2022-06-24 10:10:00,9b0a0a08bd2f9b332bd8cfd70d02ab8e8e5d525ddc1f4721359db444a46587d6,5e884898da28047151d0e56f8dc6292773603d0d6aabbdd62a11ef721d1542d13,87975
        2022-06-26 10:10:00,9b0a0a08bd2f9b332bd8cfd70d02ab8e8e5d525ddc1f4721359db444a46587d6,e405171cb1219e76b19cc26e5788666973a5497ac98808d3329ffcd42db470a11,86271
        2022-06-29 12:19:00,9b0a0a08bd2f9b332bd8cfd70d02ab8e8e5d525ddc1f4721359db444a46587d7,213b1501fa06010636f0c22d5c6725147122f0840658d12f16da64c7dd1be98f,2383
        2022-07-01 12:19:00,9b0a0a08bd2f9b332bd8cfd70d02ab8e8e5d525ddc1f4721359db444a46587d7,bfade75f70a3cf1f020dcb950c6521f69f33ae29a0ece620948e162ac6e5d7ba,24501
        2022-07-04 12:19:00,9b0a0a08bd2f9b332bd8cfd70d02ab8e8e5d525ddc1f4721359db444a46587d8,6af7ca182a685329fcb494bc42c01431f48b8ecc63928e8aaa7f0cc251ee5fb13,42186
        2022-07-06 12:19:00,9b0a0a08bd2f9b332bd8cfd70d02ab8e8e5d525ddc1f4721359db444a46587d8,e78c46d45241892f95c27a76b6b37e2a75af2acef4e5391d58e113f33bf0521e,76500
        2022-07-09 09:19:00,9b0a0a08bd2f9b332bd8cfd70d02ab8e8e5d525ddc1f4721359db444a46587d9,e491c8c0be1af3f24c4dfc2e8e44c9c62f7d8aa6bd92543add16f1cbd00771c1,6672
        2022-07-11 09:19:00,9b0a0a08bd2f9b332bd8cfd70d02ab8e8e5d525ddc1f4721359db444a46587d9,2e7e96a9a012595559a5ac0be413761761e9820009253eeb05de09ae49856fcd,7147
        2022-05-20 16:19:00,c12a06201d5abb78cf4c3807d2da0d62400b37ee109a300758541b578293fffa,e491c8c0be1af3f24c4dfc2e8e44c9c62f7d8aa6bd92543add16f1cbd00771c1,60296
        2022-05-23 16:19:00,c12a06201d5abb78cf4c3807d2da0d62400b37ee109a300758541b578293fffa,bfade75f70a3cf1f020dcb950c6521f69f33ae29a0ece620948e162ac6e5d7ba,85816
        2022-05-26 16:19:00,c12a06201d5abb78cf4c3807d2da0d62400b37ee109a300758541b578293fffa,6af7ca182a685329fcb494bc42c01431f48b8ecc63928e8aaa7f0cc251ee5fb6,89312
        2022-05-29 18:19:00,c12a06201d5abb78cf4c3807d2da0d62400b37ee109a300758541b578293fffa,e405171cb1219e76b19cc26e5788666973a5497ac98808d3329ffcd42db470a6,34820
        2022-05-31 18:19:00,c12a06201d5abb78cf4c3807d2da0d62400b37ee109a300758541b578293fffa,e491c8c0be1af3f24c4dfc2e8e44c9c62f7d8aa6bd92543add16f1cbd00771c1,43184
        2022-06-03 18:19:00,c12a06201d5abb78cf4c3807d2da0d62400b37ee109a300758541b578293fffa,bfade75f70a3cf1f020dcb950c6521f69f33ae29a0ece620948e162ac6e5d7ba,4331
        2022-06-05 18:19:00,c12a06201d5abb78cf4c3807d2da0d62400b37ee109a300758541b578293fffa,e491c8c0be1af3f24c4dfc2e8e44c9c62f7d8aa6bd92543add16f1cbd00771c1,78177
        2022-06-08 20:19:00,c12a06201d5abb78cf4c3807d2da0d62400b37ee109a300758541b578293fffa,e78c46d45241892f95c27a76b6b37e2a75af2acef4e5391d58e113f33bf0521e,3681
        2022-06-10 20:19:00,c12a06201d5abb78cf4c3807d2da0d62400b37ee109a300758541b578293fffa,c6d53a730ce4ee7859d55a03610fb8656399db143345cfc45b76225d59e9fad8,56093
        2022-06-13 20:19:00,c12a06201d5abb78cf4c3807d2da0d62400b37ee109a300758541b578293fffa,2e7e96a9a012595559a5ac0be413761761e9820009253eeb05de09ae49856fcd,17538
        2022-06-15 20:19:00,c12a06201d5abb78cf4c3807d2da0d62400b37ee109a300758541b578293fffa,0a75e6d0efc7645f9690f630b9f5a143ea7a002290b4676b148fd38f03338561,44770
        2022-06-18 19:19:00,c12a06201d5abb78cf4c3807d2da0d62400b37ee109a300758541b578293fffa,5e884898da28047151d0e56f8dc6292773603d0d6aabbdd62a11ef721d1542d12,81993
        2022-06-20 19:19:00,c12a06201d5abb78cf4c3807d2da0d62400b37ee109a300758541b578293fffa,e405171cb1219e76b19cc26e5788666973a5497ac98808d3329ffcd42db470a10,31625
        2022-06-23 19:19:00,c12a06201d5abb78cf4c3807d2da0d62400b37ee109a300758541b578293fffa,213b1501fa06010636f0c22d5c6725147122f0840658d12f16da64c7dd1be98f,7937
        2022-06-25 19:19:00,c12a06201d5abb78cf4c3807d2da0d62400b37ee109a300758541b578293fffa,bfade75f70a3cf1f020dcb950c6521f69f33ae29a0ece620948e162ac6e5d7ba,47344
        2022-06-28 15:19:00,c12a06201d5abb78cf4c3807d2da0d62400b37ee109a300758541b578293fffa,6af7ca182a685329fcb494bc42c01431f48b8ecc63928e8aaa7f0cc251ee5fb12,14442
        2022-06-30 15:19:00,c12a06201d5abb78cf4c3807d2da0d62400b37ee109a300758541b578293fffa,e78c46d45241892f95c27a76b6b37e2a75af2acef4e5391d58e113f33bf0521e,23775
        2022-07-03 15:19:00,c12a06201d5abb78cf4c3807d2da0d62400b37ee109a300758541b578293fffa,e491c8c0be1af3f24c4dfc2e8e44c9c62f7d8aa6bd92543add16f1cbd00771c1,42317
        2022-07-05 15:19:00,c12a06201d5abb78cf4c3807d2da0d62400b37ee109a300758541b578293fffa,2e7e96a9a012595559a5ac0be413761761e9820009253eeb05de09ae49856fcd,2630
        2022-07-08 13:19:00,c12a06201d5abb78cf4c3807d2da0d62400b37ee109a300758541b578293fffa,e491c8c0be1af3f24c4dfc2e8e44c9c62f7d8aa6bd92543add16f1cbd00771c1,42631
        2022-07-10 13:19:00,c12a06201d5abb78cf4c3807d2da0d62400b37ee109a300758541b578293fffa,5e884898da28047151d0e56f8dc6292773603d0d6aabbdd62a11ef721d1542d16,69581
        2022-07-13 13:19:00,c12a06201d5abb78cf4c3807d2da0d62400b37ee109a300758541b578293fffa,c6d53a730ce4ee7859d55a03610fb8656399db143345cfc45b76225d59e9fad14,85033
        2022-07-15 13:19:00,c12a06201d5abb78cf4c3807d2da0d62400b37ee109a300758541b578293fffa,213b1501fa06010636f0c22d5c6725147122f0840658d12f16da64c7dd1be98f,75851
        2022-07-18 21:19:00,c12a06201d5abb78cf4c3807d2da0d62400b37ee109a300758541b578293fffa,0a75e6d0efc7645f9690f630b9f5a143ea7a002290b4676b148fd38f03338567,89220
        2022-07-20 21:19:00,c12a06201d5abb78cf4c3807d2da0d62400b37ee109a300758541b578293fffa,6af7ca182a685329fcb494bc42c01431f48b8ecc63928e8aaa7f0cc251ee5fb16,14951
        2022-07-23 21:19:00,c12a06201d5abb78cf4c3807d2da0d62400b37ee109a300758541b578293fffa,e405171cb1219e76b19cc26e5788666973a5497ac98808d3329ffcd42db470a16,32352
        2022-07-25 21:19:00,c12a06201d5abb78cf4c3807d2da0d62400b37ee109a300758541b578293fffa,e491c8c0be1af3f24c4dfc2e8e44c9c62f7d8aa6bd92543add16f1cbd00771c1,25787
        2022-07-28 22:19:00,c12a06201d5abb78cf4c3807d2da0d62400b37ee109a300758541b578293fffa,bfade75f70a3cf1f020dcb950c6521f69f33ae29a0ece620948e162ac6e5d7ba,25907
        2022-07-30 22:19:00,c12a06201d5abb78cf4c3807d2da0d62400b37ee109a300758541b578293fffa,e491c8c0be1af3f24c4dfc2e8e44c9c62f7d8aa6bd92543add16f1cbd00771c1,88304
        2022-08-02 22:19:00,c12a06201d5abb78cf4c3807d2da0d62400b37ee109a300758541b578293fffa,e78c46d45241892f95c27a76b6b37e2a75af2acef4e5391d58e113f33bf0521e,6970
        2022-08-04 22:19:00,c12a06201d5abb78cf4c3807d2da0d62400b37ee109a300758541b578293fffa,c6d53a730ce4ee7859d55a03610fb8656399db143345cfc45b76225d59e9fad18,60208
        2022-08-07 16:19:00,c12a06201d5abb78cf4c3807d2da0d62400b37ee109a300758541b578293fffa,2e7e96a9a012595559a5ac0be413761761e9820009253eeb05de09ae49856fcd,61991
        2022-08-09 16:19:00,c12a06201d5abb78cf4c3807d2da0d62400b37ee109a300758541b578293fffa,0a75e6d0efc7645f9690f630b9f5a143ea7a002290b4676b148fd38f03338571,86827
        2022-08-12 16:19:00,c12a06201d5abb78cf4c3807d2da0d62400b37ee109a300758541b578293fffa,5e884898da28047151d0e56f8dc6292773603d0d6aabbdd62a11ef721d1542d22,59589
        2022-08-14 16:19:00,c12a06201d5abb78cf4c3807d2da0d62400b37ee109a300758541b578293fffa,e405171cb1219e76b19cc26e5788666973a5497ac98808d3329ffcd42db470a20,85144
        2022-08-17 16:19:00,c12a06201d5abb78cf4c3807d2da0d62400b37ee109a300758541b578293fffa,213b1501fa06010636f0c22d5c6725147122f0840658d12f16da64c7dd1be98f,44392
        2022-08-19 16:19:00,c12a06201d5abb78cf4c3807d2da0d62400b37ee109a300758541b578293fffa,bfade75f70a3cf1f020dcb950c6521f69f33ae29a0ece620948e162ac6e5d7ba,23043
        2022-08-22 16:19:00,c12a06201d5abb78cf4c3807d2da0d62400b37ee109a300758541b578293fffa,6af7ca182a685329fcb494bc42c01431f48b8ecc63928e8aaa7f0cc251ee5fb22,67529
        2022-08-24 16:19:00,c12a06201d5abb78cf4c3807d2da0d62400b37ee109a300758541b578293fffa,e78c46d45241892f95c27a76b6b37e2a75af2acef4e5391d58e113f33bf0521e,74186
        2022-08-27 16:19:00,c12a06201d5abb78cf4c3807d2da0d62400b37ee109a300758541b578293fffa,e491c8c0be1af3f24c4dfc2e8e44c9c62f7d8aa6bd92543add16f1cbd00771c1,16555
